row_id,order_id,ship_date,ship_mode,customer_id,customer_name,segment,country,city,state,postal_code,region,product_id,category,sub_category,product_name,sales,quantity,discount,profit,order_date,year,month
1,CA-2016-152156,2016-11-11,Second Class,CG-12520,Claire Gute,Consumer,United States,Henderson,Kentucky,42420,South,FUR-BO-10001798,Furniture,Bookcases,Bush Somerset Collection Bookcase,261.96,2,0.0,41.9136,2016-11-08,2016,11
2,CA-2016-152156,2016-11-11,Second Class,CG-12520,Claire Gute,Consumer,United States,Henderson,Kentucky,42420,South,FUR-CH-10000454,Furniture,Chairs,"Hon Deluxe Fabric Upholstered Stacking Chairs, Rounded Back",731.94,3,0.0,219.582,2016-11-08,2016,11
3,CA-2016-138688,2016-06-16,Second Class,DV-13045,Darrin Van Huff,Corporate,United States,Los Angeles,California,90036,West,OFF-LA-10000240,Office Supplies,Labels,Self-Adhesive Address Labels for Typewriters by Universal,14.62,2,0.0,6.8714,2016-06-12,2016,6
4,US-2015-108966,2015-10-18,Standard Class,SO-20335,Sean O'Donnell,Consumer,United States,Fort Lauderdale,Florida,33311,South,FUR-TA-10000577,Furniture,Tables,Bretford CR4500 Series Slim Rectangular Table,957.5775,5,0.45,-383.031,2015-10-11,2015,10
5,US-2015-108966,2015-10-18,Standard Class,SO-20335,Sean O'Donnell,Consumer,United States,Fort Lauderdale,Florida,33311,South,OFF-ST-10000760,Office Supplies,Storage,Eldon Fold 'N Roll Cart System,22.368,2,0.2,2.5164,2015-10-11,2015,10
6,CA-2014-115812,2014-06-14,Standard Class,BH-11710,Brosina Hoffman,Consumer,United States,Los Angeles,California,90032,West,FUR-FU-10001487,Furniture,Furnishings,"Eldon Expressions Wood and Plastic Desk Accessories, Cherry Wood",48.86,7,0.0,14.1694,2014-06-09,2014,6
7,CA-2014-115812,2014-06-14,Standard Class,BH-11710,Brosina Hoffman,Consumer,United States,Los Angeles,California,90032,West,OFF-AR-10002833,Office Supplies,Art,Newell 322,7.28,4,0.0,1.9656,2014-06-09,2014,6
8,CA-2014-115812,2014-06-14,Standard Class,BH-11710,Brosina Hoffman,Consumer,United States,Los Angeles,California,90032,West,TEC-PH-10002275,Technology,Phones,Mitel 5320 IP Phone VoIP phone,907.152,6,0.2,90.7152,2014-06-09,2014,6
9,CA-2014-115812,2014-06-14,Standard Class,BH-11710,Brosina Hoffman,Consumer,United States,Los Angeles,California,90032,West,OFF-BI-10003910,Office Supplies,Binders,DXL Angle-View Binders with Locking Rings by Samsill,18.504,3,0.2,5.7825,2014-06-09,2014,6
10,CA-2014-115812,2014-06-14,Standard Class,BH-11710,Brosina Hoffman,Consumer,United States,Los Angeles,California,90032,West,OFF-AP-10002892,Office Supplies,Appliances,Belkin F5C206VTEL 6 Outlet Surge,114.9,5,0.0,34.47,2014-06-09,2014,6
11,CA-2014-115812,2014-06-14,Standard Class,BH-11710,Brosina Hoffman,Consumer,United States,Los Angeles,California,90032,West,FUR-TA-10001539,Furniture,Tables,Chromcraft Rectangular Conference Tables,1706.184,9,0.2,85.3092,2014-06-09,2014,6
12,CA-2014-115812,2014-06-14,Standard Class,BH-11710,Brosina Hoffman,Consumer,United States,Los Angeles,California,90032,West,TEC-PH-10002033,Technology,Phones,Konftel 250 Conference�phone�- Charcoal black,911.424,4,0.2,68.3568,2014-06-09,2014,6
13,CA-2017-114412,2017-04-20,Standard Class,AA-10480,Andrew Allen,Consumer,United States,Concord,North Carolina,28027,South,OFF-PA-10002365,Office Supplies,Paper,Xerox 1967,15.552,3,0.2,5.4432,2017-04-15,2017,4
14,CA-2016-161389,2016-12-10,Standard Class,IM-15070,Irene Maddox,Consumer,United States,Seattle,Washington,98103,West,OFF-BI-10003656,Office Supplies,Binders,Fellowes PB200 Plastic Comb Binding Machine,407.976,3,0.2,132.5922,2016-12-05,2016,12
15,US-2015-118983,2015-11-26,Standard Class,HP-14815,Harold Pawlan,Home Office,United States,Fort Worth,Texas,76106,Central,OFF-AP-10002311,Office Supplies,Appliances,"Holmes Replacement Filter for HEPA Air Cleaner, Very Large Room, HEPA Filter",68.81,5,0.8,-123.858,2015-11-22,2015,11
16,US-2015-118983,2015-11-26,Standard Class,HP-14815,Harold Pawlan,Home Office,United States,Fort Worth,Texas,76106,Central,OFF-BI-10000756,Office Supplies,Binders,Storex DuraTech Recycled Plastic Frosted Binders,2.544,3,0.8,-3.816,2015-11-22,2015,11
17,CA-2014-105893,2014-11-18,Standard Class,PK-19075,Pete Kriz,Consumer,United States,Madison,Wisconsin,53711,Central,OFF-ST-10004186,Office Supplies,Storage,"Stur-D-Stor Shelving, Vertical 5-Shelf: 72""H x 36""W x 18 1/2""D",665.88,6,0.0,13.3176,2014-11-11,2014,11
18,CA-2014-167164,2014-05-15,Second Class,AG-10270,Alejandro Grove,Consumer,United States,West Jordan,Utah,84084,West,OFF-ST-10000107,Office Supplies,Storage,Fellowes Super Stor/Drawer,55.5,2,0.0,9.99,2014-05-13,2014,5
19,CA-2014-143336,2014-09-01,Second Class,ZD-21925,Zuschuss Donatelli,Consumer,United States,San Francisco,California,94109,West,OFF-AR-10003056,Office Supplies,Art,Newell 341,8.56,2,0.0,2.4824,2014-08-27,2014,8
20,CA-2014-143336,2014-09-01,Second Class,ZD-21925,Zuschuss Donatelli,Consumer,United States,San Francisco,California,94109,West,TEC-PH-10001949,Technology,Phones,Cisco SPA 501G IP Phone,213.48,3,0.2,16.011,2014-08-27,2014,8
21,CA-2014-143336,2014-09-01,Second Class,ZD-21925,Zuschuss Donatelli,Consumer,United States,San Francisco,California,94109,West,OFF-BI-10002215,Office Supplies,Binders,"Wilson Jones Hanging View Binder, White, 1""",22.72,4,0.2,7.384,2014-08-27,2014,8
22,CA-2016-137330,2016-12-13,Standard Class,KB-16585,Ken Black,Corporate,United States,Fremont,Nebraska,68025,Central,OFF-AR-10000246,Office Supplies,Art,Newell 318,19.46,7,0.0,5.0596,2016-12-09,2016,12
23,CA-2016-137330,2016-12-13,Standard Class,KB-16585,Ken Black,Corporate,United States,Fremont,Nebraska,68025,Central,OFF-AP-10001492,Office Supplies,Appliances,"Acco Six-Outlet Power Strip, 4' Cord Length",60.34,7,0.0,15.6884,2016-12-09,2016,12
24,US-2017-156909,2017-07-18,Second Class,SF-20065,Sandra Flanagan,Consumer,United States,Philadelphia,Pennsylvania,19140,East,FUR-CH-10002774,Furniture,Chairs,"Global Deluxe Stacking Chair, Gray",71.372,2,0.3,-1.0196,2017-07-16,2017,7
25,CA-2015-106320,2015-09-30,Standard Class,EB-13870,Emily Burns,Consumer,United States,Orem,Utah,84057,West,FUR-TA-10000577,Furniture,Tables,Bretford CR4500 Series Slim Rectangular Table,1044.63,3,0.0,240.2649,2015-09-25,2015,9
26,CA-2016-121755,2016-01-20,Second Class,EH-13945,Eric Hoffmann,Consumer,United States,Los Angeles,California,90049,West,OFF-BI-10001634,Office Supplies,Binders,Wilson Jones Active Use Binders,11.648,2,0.2,4.2224,2016-01-16,2016,1
27,CA-2016-121755,2016-01-20,Second Class,EH-13945,Eric Hoffmann,Consumer,United States,Los Angeles,California,90049,West,TEC-AC-10003027,Technology,Accessories,Imation�8GB Mini TravelDrive USB 2.0�Flash Drive,90.57,3,0.0,11.7741,2016-01-16,2016,1
28,US-2015-150630,2015-09-21,Standard Class,TB-21520,Tracy Blumstein,Consumer,United States,Philadelphia,Pennsylvania,19140,East,FUR-BO-10004834,Furniture,Bookcases,"Riverside Palais Royal Lawyers Bookcase, Royale Cherry Finish",3083.43,7,0.5,-1665.0522,2015-09-17,2015,9
29,US-2015-150630,2015-09-21,Standard Class,TB-21520,Tracy Blumstein,Consumer,United States,Philadelphia,Pennsylvania,19140,East,OFF-BI-10000474,Office Supplies,Binders,Avery Recycled Flexi-View Covers for Binding Systems,9.618,2,0.7,-7.0532,2015-09-17,2015,9
30,US-2015-150630,2015-09-21,Standard Class,TB-21520,Tracy Blumstein,Consumer,United States,Philadelphia,Pennsylvania,19140,East,FUR-FU-10004848,Furniture,Furnishings,"Howard Miller 13-3/4"" Diameter Brushed Chrome Round Wall Clock",124.2,3,0.2,15.525,2015-09-17,2015,9
31,US-2015-150630,2015-09-21,Standard Class,TB-21520,Tracy Blumstein,Consumer,United States,Philadelphia,Pennsylvania,19140,East,OFF-EN-10001509,Office Supplies,Envelopes,Poly String Tie Envelopes,3.264,2,0.2,1.1016,2015-09-17,2015,9
32,US-2015-150630,2015-09-21,Standard Class,TB-21520,Tracy Blumstein,Consumer,United States,Philadelphia,Pennsylvania,19140,East,OFF-AR-10004042,Office Supplies,Art,"BOSTON Model 1800 Electric Pencil Sharpeners, Putty/Woodgrain",86.304,6,0.2,9.7092,2015-09-17,2015,9
33,US-2015-150630,2015-09-21,Standard Class,TB-21520,Tracy Blumstein,Consumer,United States,Philadelphia,Pennsylvania,19140,East,OFF-BI-10001525,Office Supplies,Binders,"Acco Pressboard Covers with Storage Hooks, 14 7/8"" x 11"", Executive Red",6.858,6,0.7,-5.715,2015-09-17,2015,9
34,US-2015-150630,2015-09-21,Standard Class,TB-21520,Tracy Blumstein,Consumer,United States,Philadelphia,Pennsylvania,19140,East,OFF-AR-10001683,Office Supplies,Art,Lumber Crayons,15.76,2,0.2,3.546,2015-09-17,2015,9
35,CA-2017-107727,2017-10-23,Second Class,MA-17560,Matt Abelman,Home Office,United States,Houston,Texas,77095,Central,OFF-PA-10000249,Office Supplies,Paper,Easy-staple paper,29.472,3,0.2,9.9468,2017-10-19,2017,10
36,CA-2016-117590,2016-12-10,First Class,GH-14485,Gene Hale,Corporate,United States,Richardson,Texas,75080,Central,TEC-PH-10004977,Technology,Phones,GE 30524EE4,1097.544,7,0.2,123.4737,2016-12-08,2016,12
37,CA-2016-117590,2016-12-10,First Class,GH-14485,Gene Hale,Corporate,United States,Richardson,Texas,75080,Central,FUR-FU-10003664,Furniture,Furnishings,"Electrix Architect's Clamp-On Swing Arm Lamp, Black",190.92,5,0.6,-147.963,2016-12-08,2016,12
38,CA-2015-117415,2015-12-31,Standard Class,SN-20710,Steve Nguyen,Home Office,United States,Houston,Texas,77041,Central,OFF-EN-10002986,Office Supplies,Envelopes,"#10-4 1/8"" x 9 1/2"" Premium Diagonal Seam Envelopes",113.328,9,0.2,35.415,2015-12-27,2015,12
39,CA-2015-117415,2015-12-31,Standard Class,SN-20710,Steve Nguyen,Home Office,United States,Houston,Texas,77041,Central,FUR-BO-10002545,Furniture,Bookcases,"Atlantic Metals Mobile 3-Shelf Bookcases, Custom Colors",532.3992,3,0.32,-46.9764,2015-12-27,2015,12
40,CA-2015-117415,2015-12-31,Standard Class,SN-20710,Steve Nguyen,Home Office,United States,Houston,Texas,77041,Central,FUR-CH-10004218,Furniture,Chairs,"Global Fabric Manager's Chair, Dark Gray",212.058,3,0.3,-15.147,2015-12-27,2015,12
41,CA-2015-117415,2015-12-31,Standard Class,SN-20710,Steve Nguyen,Home Office,United States,Houston,Texas,77041,Central,TEC-PH-10000486,Technology,Phones,Plantronics HL10 Handset Lifter,371.168,4,0.2,41.7564,2015-12-27,2015,12
42,CA-2017-120999,2017-09-15,Standard Class,LC-16930,Linda Cazamias,Corporate,United States,Naperville,Illinois,60540,Central,TEC-PH-10004093,Technology,Phones,Panasonic Kx-TS550,147.168,4,0.2,16.5564,2017-09-10,2017,9
43,CA-2016-101343,2016-07-22,Standard Class,RA-19885,Ruben Ausman,Corporate,United States,Los Angeles,California,90049,West,OFF-ST-10003479,Office Supplies,Storage,"Eldon Base for stackable storage shelf, platinum",77.88,2,0.0,3.894,2016-07-17,2016,7
44,CA-2017-139619,2017-09-23,Standard Class,ES-14080,Erin Smith,Corporate,United States,Melbourne,Florida,32935,South,OFF-ST-10003282,Office Supplies,Storage,"Advantus 10-Drawer Portable Organizer, Chrome Metal Frame, Smoke Drawers",95.616,2,0.2,9.5616,2017-09-19,2017,9
45,CA-2016-118255,2016-03-13,First Class,ON-18715,Odella Nelson,Corporate,United States,Eagan,Minnesota,55122,Central,TEC-AC-10000171,Technology,Accessories,"Verbatim 25 GB 6x Blu-ray Single Layer Recordable Disc, 25/Pack",45.98,2,0.0,19.7714,2016-03-11,2016,3
46,CA-2016-118255,2016-03-13,First Class,ON-18715,Odella Nelson,Corporate,United States,Eagan,Minnesota,55122,Central,OFF-BI-10003291,Office Supplies,Binders,Wilson Jones Leather-Like Binders with DublLock Round Rings,17.46,2,0.0,8.2062,2016-03-11,2016,3
47,CA-2014-146703,2014-10-25,Second Class,PO-18865,Patrick O'Donnell,Consumer,United States,Westland,Michigan,48185,Central,OFF-ST-10001713,Office Supplies,Storage,"Gould Plastics 9-Pocket Panel Bin, 18-3/8w x 5-1/4d x 20-1/2h, Black",211.96,4,0.0,8.4784,2014-10-20,2014,10
48,CA-2016-169194,2016-06-25,Standard Class,LH-16900,Lena Hernandez,Consumer,United States,Dover,Delaware,19901,East,TEC-AC-10002167,Technology,Accessories,Imation�8gb Micro Traveldrive Usb 2.0�Flash Drive,45.0,3,0.0,4.95,2016-06-20,2016,6
49,CA-2016-169194,2016-06-25,Standard Class,LH-16900,Lena Hernandez,Consumer,United States,Dover,Delaware,19901,East,TEC-PH-10003988,Technology,Phones,"LF Elite 3D Dazzle Designer Hard Case Cover, Lf Stylus Pen and Wiper For Apple Iphone 5c Mini Lite",21.8,2,0.0,6.104,2016-06-20,2016,6
50,CA-2015-115742,2015-04-22,Standard Class,DP-13000,Darren Powers,Consumer,United States,New Albany,Indiana,47150,Central,OFF-BI-10004410,Office Supplies,Binders,"C-Line Peel & Stick Add-On Filing Pockets, 8-3/4 x 5-1/8, 10/Pack",38.22,6,0.0,17.9634,2015-04-18,2015,4
51,CA-2015-115742,2015-04-22,Standard Class,DP-13000,Darren Powers,Consumer,United States,New Albany,Indiana,47150,Central,OFF-LA-10002762,Office Supplies,Labels,Avery 485,75.18,6,0.0,35.3346,2015-04-18,2015,4
52,CA-2015-115742,2015-04-22,Standard Class,DP-13000,Darren Powers,Consumer,United States,New Albany,Indiana,47150,Central,FUR-FU-10001706,Furniture,Furnishings,Longer-Life Soft White Bulbs,6.16,2,0.0,2.9568,2015-04-18,2015,4
53,CA-2015-115742,2015-04-22,Standard Class,DP-13000,Darren Powers,Consumer,United States,New Albany,Indiana,47150,Central,FUR-CH-10003061,Furniture,Chairs,"Global Leather Task Chair, Black",89.99,1,0.0,17.0981,2015-04-18,2015,4
54,CA-2016-105816,2016-12-17,Standard Class,JM-15265,Janet Molinari,Corporate,United States,New York City,New York,10024,East,OFF-FA-10000304,Office Supplies,Fasteners,Advantus Push Pins,15.26,7,0.0,6.2566,2016-12-11,2016,12
55,CA-2016-105816,2016-12-17,Standard Class,JM-15265,Janet Molinari,Corporate,United States,New York City,New York,10024,East,TEC-PH-10002447,Technology,Phones,AT&T CL83451 4-Handset Telephone,1029.95,5,0.0,298.6855,2016-12-11,2016,12
56,CA-2016-111682,2016-06-18,First Class,TB-21055,Ted Butterfield,Consumer,United States,Troy,New York,12180,East,OFF-ST-10000604,Office Supplies,Storage,Home/Office Personal File Carts,208.56,6,0.0,52.14,2016-06-17,2016,6
57,CA-2016-111682,2016-06-18,First Class,TB-21055,Ted Butterfield,Consumer,United States,Troy,New York,12180,East,OFF-PA-10001569,Office Supplies,Paper,Xerox 232,32.4,5,0.0,15.552,2016-06-17,2016,6
58,CA-2016-111682,2016-06-18,First Class,TB-21055,Ted Butterfield,Consumer,United States,Troy,New York,12180,East,FUR-CH-10003968,Furniture,Chairs,Novimex Turbo Task Chair,319.41,5,0.1,7.098,2016-06-17,2016,6
59,CA-2016-111682,2016-06-18,First Class,TB-21055,Ted Butterfield,Consumer,United States,Troy,New York,12180,East,OFF-PA-10000587,Office Supplies,Paper,"Array Parchment Paper, Assorted Colors",14.56,2,0.0,6.9888,2016-06-17,2016,6
60,CA-2016-111682,2016-06-18,First Class,TB-21055,Ted Butterfield,Consumer,United States,Troy,New York,12180,East,TEC-AC-10002167,Technology,Accessories,Imation�8gb Micro Traveldrive Usb 2.0�Flash Drive,30.0,2,0.0,3.3,2016-06-17,2016,6
61,CA-2016-111682,2016-06-18,First Class,TB-21055,Ted Butterfield,Consumer,United States,Troy,New York,12180,East,OFF-BI-10001460,Office Supplies,Binders,Plastic Binding Combs,48.48,4,0.2,16.362,2016-06-17,2016,6
62,CA-2016-111682,2016-06-18,First Class,TB-21055,Ted Butterfield,Consumer,United States,Troy,New York,12180,East,OFF-AR-10001868,Office Supplies,Art,Prang Dustless Chalk Sticks,1.68,1,0.0,0.84,2016-06-17,2016,6
63,CA-2015-135545,2015-11-30,Standard Class,KM-16720,Kunst Miller,Consumer,United States,Los Angeles,California,90004,West,TEC-AC-10004633,Technology,Accessories,"Verbatim 25 GB 6x Blu-ray Single Layer Recordable Disc, 3/Pack",13.98,2,0.0,6.1512,2015-11-24,2015,11
64,CA-2015-135545,2015-11-30,Standard Class,KM-16720,Kunst Miller,Consumer,United States,Los Angeles,California,90004,West,OFF-BI-10001078,Office Supplies,Binders,"Acco PRESSTEX Data Binder with Storage Hooks, Dark Blue, 14 7/8"" X 11""",25.824,6,0.2,9.3612,2015-11-24,2015,11
65,CA-2015-135545,2015-11-30,Standard Class,KM-16720,Kunst Miller,Consumer,United States,Los Angeles,California,90004,West,OFF-PA-10003892,Office Supplies,Paper,Xerox 1943,146.73,3,0.0,68.9631,2015-11-24,2015,11
66,CA-2015-135545,2015-11-30,Standard Class,KM-16720,Kunst Miller,Consumer,United States,Los Angeles,California,90004,West,FUR-FU-10000397,Furniture,Furnishings,Luxo Economy Swing Arm Lamp,79.76,4,0.0,22.3328,2015-11-24,2015,11
67,US-2015-164175,2015-05-05,Standard Class,PS-18970,Paul Stevenson,Home Office,United States,Chicago,Illinois,60610,Central,FUR-CH-10001146,Furniture,Chairs,"Global Value Mid-Back Manager's Chair, Gray",213.115,5,0.3,-15.2225,2015-04-30,2015,4
68,CA-2014-106376,2014-12-10,Standard Class,BS-11590,Brendan Sweed,Corporate,United States,Gilbert,Arizona,85234,West,OFF-AR-10002671,Office Supplies,Art,"Hunt BOSTON Model 1606 High-Volume Electric Pencil Sharpener, Beige",1113.024,8,0.2,111.3024,2014-12-05,2014,12
69,CA-2014-106376,2014-12-10,Standard Class,BS-11590,Brendan Sweed,Corporate,United States,Gilbert,Arizona,85234,West,TEC-PH-10002726,Technology,Phones,netTALK DUO VoIP Telephone Service,167.968,4,0.2,62.988,2014-12-05,2014,12
70,CA-2016-119823,2016-06-06,First Class,KD-16270,Karen Daniels,Consumer,United States,Springfield,Virginia,22153,South,OFF-PA-10000482,Office Supplies,Paper,"Snap-A-Way Black Print Carbonless Ruled Speed Letter, Triplicate",75.88,2,0.0,35.6636,2016-06-04,2016,6
71,CA-2016-106075,2016-09-23,Standard Class,HM-14980,Henry MacAllister,Consumer,United States,New York City,New York,10009,East,OFF-BI-10004654,Office Supplies,Binders,Avery Binding System Hidden Tab Executive Style Index Sets,4.616,1,0.2,1.731,2016-09-18,2016,9
72,CA-2017-114440,2017-09-17,Second Class,TB-21520,Tracy Blumstein,Consumer,United States,Jackson,Michigan,49201,Central,OFF-PA-10004675,Office Supplies,Paper,"Telephone Message Books with Fax/Mobile Section, 5 1/2"" x 3 3/16""",19.05,3,0.0,8.763,2017-09-14,2017,9
73,US-2015-134026,2015-05-02,Standard Class,JE-15745,Joel Eaton,Consumer,United States,Memphis,Tennessee,38109,South,FUR-CH-10000513,Furniture,Chairs,High-Back Leather Manager's Chair,831.936,8,0.2,-114.3912,2015-04-26,2015,4
74,US-2015-134026,2015-05-02,Standard Class,JE-15745,Joel Eaton,Consumer,United States,Memphis,Tennessee,38109,South,FUR-FU-10003708,Furniture,Furnishings,"Tenex Traditional Chairmats for Medium Pile Carpet, Standard Lip, 36"" x 48""",97.04,2,0.2,1.213,2015-04-26,2015,4
75,US-2015-134026,2015-05-02,Standard Class,JE-15745,Joel Eaton,Consumer,United States,Memphis,Tennessee,38109,South,OFF-ST-10004123,Office Supplies,Storage,Safco Industrial Wire Shelving System,72.784,1,0.2,-18.196,2015-04-26,2015,4
76,US-2017-118038,2017-12-11,First Class,KB-16600,Ken Brennan,Corporate,United States,Houston,Texas,77041,Central,OFF-BI-10004182,Office Supplies,Binders,Economy Binders,1.248,3,0.8,-1.9344,2017-12-09,2017,12
77,US-2017-118038,2017-12-11,First Class,KB-16600,Ken Brennan,Corporate,United States,Houston,Texas,77041,Central,FUR-FU-10000260,Furniture,Furnishings,"6"" Cubicle Wall Clock, Black",9.708,3,0.6,-5.8248,2017-12-09,2017,12
78,US-2017-118038,2017-12-11,First Class,KB-16600,Ken Brennan,Corporate,United States,Houston,Texas,77041,Central,OFF-ST-10000615,Office Supplies,Storage,"SimpliFile Personal File, Black Granite, 15w x 6-15/16d x 11-1/4h",27.24,3,0.2,2.724,2017-12-09,2017,12
79,US-2014-147606,2014-12-01,Second Class,JE-15745,Joel Eaton,Consumer,United States,Houston,Texas,77070,Central,FUR-FU-10003194,Furniture,Furnishings,"Eldon Expressions Desk Accessory, Wood Pencil Holder, Oak",19.3,5,0.6,-14.475,2014-11-26,2014,11
80,CA-2016-127208,2016-06-15,First Class,SC-20770,Stewart Carmichael,Corporate,United States,Decatur,Alabama,35601,South,OFF-AP-10002118,Office Supplies,Appliances,"1.7 Cubic Foot Compact ""Cube"" Office Refrigerators",208.16,1,0.0,56.2032,2016-06-12,2016,6
81,CA-2016-127208,2016-06-15,First Class,SC-20770,Stewart Carmichael,Corporate,United States,Decatur,Alabama,35601,South,OFF-BI-10002309,Office Supplies,Binders,Avery Heavy-Duty EZD  Binder With Locking Rings,16.74,3,0.0,8.0352,2016-06-12,2016,6
82,CA-2014-139451,2014-10-16,Standard Class,DN-13690,Duane Noonan,Consumer,United States,San Francisco,California,94122,West,OFF-AR-10002053,Office Supplies,Art,"Premium Writing Pencils, Soft, #2 by Central Association for the Blind",14.9,5,0.0,4.172,2014-10-12,2014,10
83,CA-2014-139451,2014-10-16,Standard Class,DN-13690,Duane Noonan,Consumer,United States,San Francisco,California,94122,West,OFF-ST-10002370,Office Supplies,Storage,"Sortfiler Multipurpose Personal File Organizer, Black",21.39,1,0.0,6.2031,2014-10-12,2014,10
84,CA-2015-149734,2015-09-08,Standard Class,JC-16105,Julie Creighton,Corporate,United States,Durham,North Carolina,27707,South,OFF-EN-10000927,Office Supplies,Envelopes,Jet-Pak Recycled Peel 'N' Seal Padded Mailers,200.984,7,0.2,62.8075,2015-09-03,2015,9
85,US-2017-119662,2017-11-16,First Class,CS-12400,Christopher Schild,Home Office,United States,Chicago,Illinois,60623,Central,OFF-ST-10003656,Office Supplies,Storage,Safco Industrial Wire Shelving,230.376,3,0.2,-48.9549,2017-11-13,2017,11
86,CA-2017-140088,2017-05-30,Second Class,PO-18865,Patrick O'Donnell,Consumer,United States,Columbia,South Carolina,29203,South,FUR-CH-10000863,Furniture,Chairs,Novimex Swivel Fabric Task Chair,301.96,2,0.0,33.2156,2017-05-28,2017,5
87,CA-2017-155558,2017-11-02,Standard Class,PG-18895,Paul Gonzalez,Consumer,United States,Rochester,Minnesota,55901,Central,TEC-AC-10001998,Technology,Accessories,Logitech�LS21 Speaker System - PC Multimedia - 2.1-CH - Wired,19.99,1,0.0,6.7966,2017-10-26,2017,10
88,CA-2017-155558,2017-11-02,Standard Class,PG-18895,Paul Gonzalez,Consumer,United States,Rochester,Minnesota,55901,Central,OFF-LA-10000134,Office Supplies,Labels,Avery 511,6.16,2,0.0,2.9568,2017-10-26,2017,10
89,CA-2016-159695,2016-04-10,Second Class,GM-14455,Gary Mitchum,Home Office,United States,Houston,Texas,77095,Central,OFF-ST-10003442,Office Supplies,Storage,Eldon Portable Mobile Manager,158.368,7,0.2,13.8572,2016-04-05,2016,4
90,CA-2016-109806,2016-09-22,Standard Class,JS-15685,Jim Sink,Corporate,United States,Los Angeles,California,90036,West,OFF-AR-10004930,Office Supplies,Art,Turquoise Lead Holder with Pocket Clip,20.1,3,0.0,6.633,2016-09-17,2016,9
91,CA-2016-109806,2016-09-22,Standard Class,JS-15685,Jim Sink,Corporate,United States,Los Angeles,California,90036,West,TEC-PH-10004093,Technology,Phones,Panasonic Kx-TS550,73.584,2,0.2,8.2782,2016-09-17,2016,9
92,CA-2016-109806,2016-09-22,Standard Class,JS-15685,Jim Sink,Corporate,United States,Los Angeles,California,90036,West,OFF-PA-10000304,Office Supplies,Paper,Xerox 1995,6.48,1,0.0,3.1104,2016-09-17,2016,9
93,CA-2015-149587,2015-02-05,Second Class,KB-16315,Karl Braun,Consumer,United States,Minneapolis,Minnesota,55407,Central,OFF-PA-10003177,Office Supplies,Paper,Xerox 1999,12.96,2,0.0,6.2208,2015-01-31,2015,1
94,CA-2015-149587,2015-02-05,Second Class,KB-16315,Karl Braun,Consumer,United States,Minneapolis,Minnesota,55407,Central,FUR-FU-10003799,Furniture,Furnishings,"Seth Thomas 13 1/2"" Wall Clock",53.34,3,0.0,16.5354,2015-01-31,2015,1
95,CA-2015-149587,2015-02-05,Second Class,KB-16315,Karl Braun,Consumer,United States,Minneapolis,Minnesota,55407,Central,OFF-BI-10002852,Office Supplies,Binders,Ibico Standard Transparent Covers,32.96,2,0.0,16.1504,2015-01-31,2015,1
96,US-2017-109484,2017-11-12,Standard Class,RB-19705,Roger Barcio,Home Office,United States,Portland,Oregon,97206,West,OFF-BI-10004738,Office Supplies,Binders,Flexible Leather- Look Classic Collection Ring Binder,5.682,1,0.7,-3.788,2017-11-06,2017,11
97,CA-2017-161018,2017-11-11,Second Class,PN-18775,Parhena Norris,Home Office,United States,New York City,New York,10009,East,FUR-FU-10000629,Furniture,Furnishings,9-3/4 Diameter Round Wall Clock,96.53,7,0.0,40.5426,2017-11-09,2017,11
98,CA-2017-157833,2017-06-20,First Class,KD-16345,Katherine Ducich,Consumer,United States,San Francisco,California,94122,West,OFF-BI-10001721,Office Supplies,Binders,Trimflex Flexible Post Binders,51.312,3,0.2,17.9592,2017-06-17,2017,6
99,CA-2016-149223,2016-09-11,Standard Class,ER-13855,Elpida Rittenbach,Corporate,United States,Saint Paul,Minnesota,55106,Central,OFF-AP-10000358,Office Supplies,Appliances,Fellowes Basic Home/Office Series Surge Protectors,77.88,6,0.0,22.5852,2016-09-06,2016,9
100,CA-2016-158568,2016-09-02,Standard Class,RB-19465,Rick Bensley,Home Office,United States,Chicago,Illinois,60610,Central,OFF-PA-10003256,Office Supplies,Paper,Avery Personal Creations Heavyweight Cards,64.624,7,0.2,22.6184,2016-08-29,2016,8
101,CA-2016-158568,2016-09-02,Standard Class,RB-19465,Rick Bensley,Home Office,United States,Chicago,Illinois,60610,Central,TEC-AC-10001767,Technology,Accessories,SanDisk Ultra 64 GB MicroSDHC Class 10 Memory Card,95.976,3,0.2,-10.7973,2016-08-29,2016,8
102,CA-2016-158568,2016-09-02,Standard Class,RB-19465,Rick Bensley,Home Office,United States,Chicago,Illinois,60610,Central,OFF-BI-10002609,Office Supplies,Binders,Avery Hidden Tab Dividers for Binding Systems,1.788,3,0.8,-3.0396,2016-08-29,2016,8
103,CA-2016-129903,2016-12-04,Second Class,GZ-14470,Gary Zandusky,Consumer,United States,Rochester,Minnesota,55901,Central,OFF-PA-10004040,Office Supplies,Paper,Universal Premium White Copier/Laser Paper (20Lb. and 87 Bright),23.92,4,0.0,11.7208,2016-12-01,2016,12
104,US-2015-156867,2015-11-17,Standard Class,LC-16870,Lena Cacioppo,Consumer,United States,Aurora,Colorado,80013,West,TEC-AC-10001552,Technology,Accessories,Logitech K350 2.4Ghz Wireless Keyboard,238.896,6,0.2,-26.8758,2015-11-13,2015,11
105,US-2015-156867,2015-11-17,Standard Class,LC-16870,Lena Cacioppo,Consumer,United States,Aurora,Colorado,80013,West,FUR-FU-10004006,Furniture,Furnishings,"Deflect-o DuraMat Lighweight, Studded, Beveled Mat for Low Pile Carpeting",102.36,3,0.2,-3.8385,2015-11-13,2015,11
106,US-2015-156867,2015-11-17,Standard Class,LC-16870,Lena Cacioppo,Consumer,United States,Aurora,Colorado,80013,West,OFF-BI-10002794,Office Supplies,Binders,"Avery Trapezoid Ring Binder, 3"" Capacity, Black, 1040 sheets",36.882,3,0.7,-25.8174,2015-11-13,2015,11
107,CA-2017-119004,2017-11-28,Standard Class,JM-15250,Janet Martin,Consumer,United States,Charlotte,North Carolina,28205,South,TEC-AC-10003499,Technology,Accessories,Memorex Mini Travel Drive 8 GB USB 2.0 Flash Drive,74.112,8,0.2,17.6016,2017-11-23,2017,11
108,CA-2017-119004,2017-11-28,Standard Class,JM-15250,Janet Martin,Consumer,United States,Charlotte,North Carolina,28205,South,TEC-PH-10002844,Technology,Phones,Speck Products Candyshell Flip Case,27.992,1,0.2,2.0994,2017-11-23,2017,11
109,CA-2017-119004,2017-11-28,Standard Class,JM-15250,Janet Martin,Consumer,United States,Charlotte,North Carolina,28205,South,OFF-AR-10000390,Office Supplies,Art,Newell Chalk Holder,3.304,1,0.2,1.0738,2017-11-23,2017,11
110,CA-2015-129476,2015-10-20,Standard Class,PA-19060,Pete Armstrong,Home Office,United States,Orland Park,Illinois,60462,Central,TEC-AC-10000844,Technology,Accessories,Logitech�Gaming G510s - Keyboard,339.96,5,0.2,67.992,2015-10-15,2015,10
111,CA-2017-146780,2017-12-30,Standard Class,CV-12805,Cynthia Voltz,Corporate,United States,New York City,New York,10035,East,FUR-FU-10001934,Furniture,Furnishings,Magnifier Swing Arm Lamp,41.96,2,0.0,10.9096,2017-12-25,2017,12
112,CA-2016-128867,2016-11-10,Standard Class,CL-12565,Clay Ludtke,Consumer,United States,Urbandale,Iowa,50322,Central,OFF-AR-10000380,Office Supplies,Art,"Hunt PowerHouse Electric Pencil Sharpener, Blue",75.96,2,0.0,22.788,2016-11-03,2016,11
113,CA-2016-128867,2016-11-10,Standard Class,CL-12565,Clay Ludtke,Consumer,United States,Urbandale,Iowa,50322,Central,OFF-BI-10003981,Office Supplies,Binders,"Avery Durable Plastic 1"" Binders",27.24,6,0.0,13.3476,2016-11-03,2016,11
114,CA-2014-115259,2014-08-27,Second Class,RC-19960,Ryan Crowe,Consumer,United States,Columbus,Ohio,43229,East,OFF-FA-10000621,Office Supplies,Fasteners,"OIC Colored Binder Clips, Assorted Sizes",40.096,14,0.2,14.5348,2014-08-25,2014,8
115,CA-2014-115259,2014-08-27,Second Class,RC-19960,Ryan Crowe,Consumer,United States,Columbus,Ohio,43229,East,OFF-EN-10002600,Office Supplies,Envelopes,"Redi-Strip #10 Envelopes, 4 1/8 x 9 1/2",4.72,2,0.2,1.652,2014-08-25,2014,8
116,CA-2014-115259,2014-08-27,Second Class,RC-19960,Ryan Crowe,Consumer,United States,Columbus,Ohio,43229,East,OFF-PA-10004965,Office Supplies,Paper,Xerox 1921,23.976,3,0.2,7.4925,2014-08-25,2014,8
117,CA-2014-115259,2014-08-27,Second Class,RC-19960,Ryan Crowe,Consumer,United States,Columbus,Ohio,43229,East,OFF-EN-10002504,Office Supplies,Envelopes,"Tyvek  Top-Opening Peel & Seel Envelopes, Plain White",130.464,6,0.2,44.0316,2014-08-25,2014,8
118,CA-2015-110457,2015-03-06,Standard Class,DK-13090,Dave Kipp,Consumer,United States,Seattle,Washington,98103,West,FUR-TA-10001768,Furniture,Tables,Hon Racetrack Conference Tables,787.53,3,0.0,165.3813,2015-03-02,2015,3
119,US-2015-136476,2015-04-10,Standard Class,GG-14650,Greg Guthrie,Corporate,United States,Bristol,Tennessee,37620,South,OFF-BI-10003650,Office Supplies,Binders,GBC DocuBind 300 Electric Binding Machine,157.794,1,0.7,-115.7156,2015-04-05,2015,4
120,CA-2016-103730,2016-06-15,First Class,SC-20725,Steven Cartwright,Consumer,United States,Wilmington,Delaware,19805,East,FUR-FU-10002157,Furniture,Furnishings,Artistic Insta-Plaque,47.04,3,0.0,18.3456,2016-06-12,2016,6
121,CA-2016-103730,2016-06-15,First Class,SC-20725,Steven Cartwright,Consumer,United States,Wilmington,Delaware,19805,East,OFF-BI-10003910,Office Supplies,Binders,DXL Angle-View Binders with Locking Rings by Samsill,30.84,4,0.0,13.878,2016-06-12,2016,6
122,CA-2016-103730,2016-06-15,First Class,SC-20725,Steven Cartwright,Consumer,United States,Wilmington,Delaware,19805,East,OFF-ST-10000777,Office Supplies,Storage,"Companion Letter/Legal File, Black",226.56,6,0.0,63.4368,2016-06-12,2016,6
123,CA-2016-103730,2016-06-15,First Class,SC-20725,Steven Cartwright,Consumer,United States,Wilmington,Delaware,19805,East,OFF-EN-10002500,Office Supplies,Envelopes,Globe Weis Peel & Seel First Class Envelopes,115.02,9,0.0,51.759,2016-06-12,2016,6
124,CA-2016-103730,2016-06-15,First Class,SC-20725,Steven Cartwright,Consumer,United States,Wilmington,Delaware,19805,East,TEC-PH-10003875,Technology,Phones,KLD Oscar II Style Snap-on Ultra Thin Side Flip Synthetic Leather Cover Case for HTC One HTC M7,68.04,7,0.0,19.7316,2016-06-12,2016,6
125,US-2014-152030,2014-12-28,Second Class,AD-10180,Alan Dominguez,Home Office,United States,Houston,Texas,77041,Central,FUR-CH-10004063,Furniture,Chairs,Global Deluxe High-Back Manager's Chair,600.558,3,0.3,-8.5794,2014-12-26,2014,12
126,US-2014-134614,2014-09-25,Standard Class,PF-19165,Philip Fox,Consumer,United States,Bloomington,Illinois,61701,Central,FUR-TA-10004534,Furniture,Tables,Bevis 44 x 96 Conference Tables,617.7,6,0.5,-407.682,2014-09-20,2014,9
127,US-2017-107272,2017-11-12,Standard Class,TS-21610,Troy Staebel,Consumer,United States,Phoenix,Arizona,85023,West,OFF-BI-10003274,Office Supplies,Binders,"Avery Durable Slant Ring Binders, No Labels",2.388,2,0.7,-1.8308,2017-11-05,2017,11
128,US-2017-107272,2017-11-12,Standard Class,TS-21610,Troy Staebel,Consumer,United States,Phoenix,Arizona,85023,West,OFF-ST-10002974,Office Supplies,Storage,"Trav-L-File Heavy-Duty Shuttle II, Black",243.992,7,0.2,30.499,2017-11-05,2017,11
129,US-2016-125969,2016-11-10,Second Class,LS-16975,Lindsay Shagiari,Home Office,United States,Los Angeles,California,90004,West,FUR-CH-10001146,Furniture,Chairs,"Global Task Chair, Black",81.424,2,0.2,-9.1602,2016-11-06,2016,11
130,US-2016-125969,2016-11-10,Second Class,LS-16975,Lindsay Shagiari,Home Office,United States,Los Angeles,California,90004,West,FUR-FU-10003773,Furniture,Furnishings,Eldon Cleatmat Plus Chair Mats for High Pile Carpets,238.56,3,0.0,26.2416,2016-11-06,2016,11
131,US-2017-164147,2017-02-05,First Class,DW-13585,Dorothy Wardle,Corporate,United States,Columbus,Ohio,43229,East,TEC-PH-10002293,Technology,Phones,Anker 36W 4-Port USB Wall Charger Travel Power Adapter for iPhone 5s 5c 5,59.97,5,0.4,-11.994,2017-02-02,2017,2
132,US-2017-164147,2017-02-05,First Class,DW-13585,Dorothy Wardle,Corporate,United States,Columbus,Ohio,43229,East,OFF-PA-10002377,Office Supplies,Paper,Xerox 1916,78.304,2,0.2,29.364,2017-02-02,2017,2
133,US-2017-164147,2017-02-05,First Class,DW-13585,Dorothy Wardle,Corporate,United States,Columbus,Ohio,43229,East,OFF-FA-10002780,Office Supplies,Fasteners,Staples,21.456,9,0.2,6.9732,2017-02-02,2017,2
134,CA-2016-145583,2016-10-19,Standard Class,LC-16885,Lena Creighton,Consumer,United States,Roseville,California,95661,West,OFF-PA-10001804,Office Supplies,Paper,Xerox 195,20.04,3,0.0,9.6192,2016-10-13,2016,10
135,CA-2016-145583,2016-10-19,Standard Class,LC-16885,Lena Creighton,Consumer,United States,Roseville,California,95661,West,OFF-PA-10001736,Office Supplies,Paper,Xerox 1880,35.44,1,0.0,16.6568,2016-10-13,2016,10
136,CA-2016-145583,2016-10-19,Standard Class,LC-16885,Lena Creighton,Consumer,United States,Roseville,California,95661,West,OFF-AR-10001149,Office Supplies,Art,"Sanford Colorific Colored Pencils, 12/Box",11.52,4,0.0,3.456,2016-10-13,2016,10
137,CA-2016-145583,2016-10-19,Standard Class,LC-16885,Lena Creighton,Consumer,United States,Roseville,California,95661,West,OFF-FA-10002988,Office Supplies,Fasteners,Ideal Clamps,4.02,2,0.0,1.9698,2016-10-13,2016,10
138,CA-2016-145583,2016-10-19,Standard Class,LC-16885,Lena Creighton,Consumer,United States,Roseville,California,95661,West,OFF-BI-10004781,Office Supplies,Binders,GBC Wire Binding Strips,76.176,3,0.2,26.6616,2016-10-13,2016,10
139,CA-2016-145583,2016-10-19,Standard Class,LC-16885,Lena Creighton,Consumer,United States,Roseville,California,95661,West,OFF-SU-10001218,Office Supplies,Supplies,Fiskars Softgrip Scissors,65.88,6,0.0,18.4464,2016-10-13,2016,10
140,CA-2016-145583,2016-10-19,Standard Class,LC-16885,Lena Creighton,Consumer,United States,Roseville,California,95661,West,FUR-FU-10001706,Furniture,Furnishings,Longer-Life Soft White Bulbs,43.12,14,0.0,20.6976,2016-10-13,2016,10
141,CA-2016-110366,2016-09-07,Second Class,JD-15895,Jonathan Doherty,Corporate,United States,Philadelphia,Pennsylvania,19140,East,FUR-FU-10004848,Furniture,Furnishings,"Howard Miller 13-3/4"" Diameter Brushed Chrome Round Wall Clock",82.8,2,0.2,10.35,2016-09-05,2016,9
142,CA-2017-106180,2017-09-23,Standard Class,SH-19975,Sally Hughsby,Corporate,United States,San Francisco,California,94122,West,OFF-AR-10000940,Office Supplies,Art,Newell 343,8.82,3,0.0,2.3814,2017-09-18,2017,9
143,CA-2017-106180,2017-09-23,Standard Class,SH-19975,Sally Hughsby,Corporate,United States,San Francisco,California,94122,West,OFF-EN-10004030,Office Supplies,Envelopes,Convenience Packs of Business Envelopes,10.86,3,0.0,5.1042,2017-09-18,2017,9
144,CA-2017-106180,2017-09-23,Standard Class,SH-19975,Sally Hughsby,Corporate,United States,San Francisco,California,94122,West,OFF-PA-10004327,Office Supplies,Paper,Xerox 1911,143.7,3,0.0,68.976,2017-09-18,2017,9
145,CA-2017-155376,2017-12-27,Standard Class,SG-20080,Sandra Glassco,Consumer,United States,Independence,Missouri,64055,Central,OFF-AP-10001058,Office Supplies,Appliances,Sanyo 2.5 Cubic Foot Mid-Size Office Refrigerators,839.43,3,0.0,218.2518,2017-12-22,2017,12
146,CA-2015-110744,2015-09-12,Standard Class,HA-14920,Helen Andreada,Consumer,United States,Pasadena,California,91104,West,OFF-ST-10003656,Office Supplies,Storage,Safco Industrial Wire Shelving,671.93,7,0.0,20.1579,2015-09-07,2015,9
147,CA-2014-110072,2014-10-28,Standard Class,MG-17680,Maureen Gastineau,Home Office,United States,Newark,Ohio,43055,East,FUR-FU-10000521,Furniture,Furnishings,"Seth Thomas 14"" Putty-Colored Wall Clock",93.888,4,0.2,12.9096,2014-10-22,2014,10
148,CA-2016-114489,2016-12-09,Standard Class,JE-16165,Justin Ellison,Corporate,United States,Franklin,Wisconsin,53132,Central,TEC-PH-10000215,Technology,Phones,Plantronics Cordless�Phone Headset�with In-line Volume - M214C,384.45,11,0.0,103.8015,2016-12-05,2016,12
149,CA-2016-114489,2016-12-09,Standard Class,JE-16165,Justin Ellison,Corporate,United States,Franklin,Wisconsin,53132,Central,TEC-PH-10001448,Technology,Phones,Anker Astro 15000mAh USB Portable Charger,149.97,3,0.0,5.9988,2016-12-05,2016,12
150,CA-2016-114489,2016-12-09,Standard Class,JE-16165,Justin Ellison,Corporate,United States,Franklin,Wisconsin,53132,Central,FUR-CH-10000454,Furniture,Chairs,"Hon Deluxe Fabric Upholstered Stacking Chairs, Rounded Back",1951.84,8,0.0,585.552,2016-12-05,2016,12
151,CA-2016-114489,2016-12-09,Standard Class,JE-16165,Justin Ellison,Corporate,United States,Franklin,Wisconsin,53132,Central,OFF-BI-10002735,Office Supplies,Binders,GBC Prestige Therm-A-Bind Covers,171.55,5,0.0,80.6285,2016-12-05,2016,12
152,CA-2016-158834,2016-03-16,First Class,TW-21025,Tamara Willingham,Home Office,United States,Scottsdale,Arizona,85254,West,OFF-AP-10000326,Office Supplies,Appliances,Belkin 7 Outlet SurgeMaster Surge Protector with Phone Protection,157.92,5,0.2,17.766,2016-03-13,2016,3
153,CA-2016-158834,2016-03-16,First Class,TW-21025,Tamara Willingham,Home Office,United States,Scottsdale,Arizona,85254,West,TEC-PH-10001254,Technology,Phones,Jabra BIZ 2300 Duo QD Duo Corded�Headset,203.184,2,0.2,15.2388,2016-03-13,2016,3
154,CA-2015-124919,2015-06-02,First Class,SP-20650,Stephanie Phelps,Corporate,United States,San Jose,California,95123,West,OFF-PA-10001950,Office Supplies,Paper,Southworth 25% Cotton Antique Laid Paper & Envelopes,58.38,7,0.0,26.271,2015-05-31,2015,5
155,CA-2015-124919,2015-06-02,First Class,SP-20650,Stephanie Phelps,Corporate,United States,San Jose,California,95123,West,OFF-PA-10002254,Office Supplies,Paper,Xerox 1883,105.52,4,0.0,48.5392,2015-05-31,2015,5
156,CA-2015-124919,2015-06-02,First Class,SP-20650,Stephanie Phelps,Corporate,United States,San Jose,California,95123,West,OFF-ST-10001590,Office Supplies,Storage,"Tenex Personal Project File with Scoop Front Design, Black",80.88,6,0.0,21.0288,2015-05-31,2015,5
157,CA-2015-118948,2015-06-03,Standard Class,NK-18490,Neil Knudson,Home Office,United States,Seattle,Washington,98105,West,OFF-AR-10001547,Office Supplies,Art,Newell 311,6.63,3,0.0,1.7901,2015-05-28,2015,5
158,CA-2014-104269,2014-03-06,Second Class,DB-13060,Dave Brooks,Consumer,United States,Seattle,Washington,98115,West,FUR-CH-10004063,Furniture,Chairs,Global Deluxe High-Back Manager's Chair,457.568,2,0.2,51.4764,2014-03-01,2014,3
159,CA-2016-114104,2016-11-24,Standard Class,NP-18670,Nora Paige,Consumer,United States,Edmond,Oklahoma,73034,Central,OFF-LA-10002475,Office Supplies,Labels,Avery 519,14.62,2,0.0,6.8714,2016-11-20,2016,11
160,CA-2016-114104,2016-11-24,Standard Class,NP-18670,Nora Paige,Consumer,United States,Edmond,Oklahoma,73034,Central,TEC-PH-10004536,Technology,Phones,Avaya 5420 Digital phone,944.93,7,0.0,236.2325,2016-11-20,2016,11
161,CA-2016-162733,2016-05-12,First Class,TT-21070,Ted Trevino,Consumer,United States,Los Angeles,California,90045,West,OFF-PA-10002751,Office Supplies,Paper,Xerox 1920,5.98,1,0.0,2.691,2016-05-11,2016,5
162,CA-2015-119697,2015-12-31,Second Class,EM-13960,Eric Murdock,Consumer,United States,Philadelphia,Pennsylvania,19134,East,TEC-AC-10003657,Technology,Accessories,Lenovo 17-Key USB Numeric Keypad,54.384,2,0.2,1.3596,2015-12-28,2015,12
163,CA-2016-154508,2016-11-20,Standard Class,RD-19900,Ruben Dartt,Consumer,United States,Carlsbad,New Mexico,88220,West,OFF-EN-10001990,Office Supplies,Envelopes,Staple envelope,28.4,5,0.0,13.348,2016-11-16,2016,11
164,CA-2016-113817,2016-11-11,Standard Class,MJ-17740,Max Jones,Consumer,United States,Seattle,Washington,98115,West,OFF-BI-10004002,Office Supplies,Binders,Wilson Jones International Size A4 Ring Binders,27.68,2,0.2,9.688,2016-11-07,2016,11
165,CA-2014-139892,2014-09-12,Standard Class,BM-11140,Becky Martin,Consumer,United States,San Antonio,Texas,78207,Central,OFF-AR-10004441,Office Supplies,Art,BIC Brite Liner Highlighters,9.936,3,0.2,2.7324,2014-09-08,2014,9
166,CA-2014-139892,2014-09-12,Standard Class,BM-11140,Becky Martin,Consumer,United States,San Antonio,Texas,78207,Central,TEC-MA-10000822,Technology,Machines,Lexmark MX611dhe Monochrome Laser Printer,8159.952,8,0.4,-1359.992,2014-09-08,2014,9
167,CA-2014-139892,2014-09-12,Standard Class,BM-11140,Becky Martin,Consumer,United States,San Antonio,Texas,78207,Central,OFF-ST-10000991,Office Supplies,Storage,Space Solutions HD Industrial Steel Shelving.,275.928,3,0.2,-58.6347,2014-09-08,2014,9
168,CA-2014-139892,2014-09-12,Standard Class,BM-11140,Becky Martin,Consumer,United States,San Antonio,Texas,78207,Central,FUR-CH-10004287,Furniture,Chairs,SAFCO Arco Folding Chair,1740.06,9,0.3,-24.858,2014-09-08,2014,9
169,CA-2014-139892,2014-09-12,Standard Class,BM-11140,Becky Martin,Consumer,United States,San Antonio,Texas,78207,Central,OFF-AR-10002656,Office Supplies,Art,Sanford Liquid Accent Highlighters,32.064,6,0.2,6.8136,2014-09-08,2014,9
170,CA-2014-139892,2014-09-12,Standard Class,BM-11140,Becky Martin,Consumer,United States,San Antonio,Texas,78207,Central,OFF-AP-10002518,Office Supplies,Appliances,Kensington 7 Outlet MasterPiece Power Center,177.98,5,0.8,-453.849,2014-09-08,2014,9
171,CA-2014-139892,2014-09-12,Standard Class,BM-11140,Becky Martin,Consumer,United States,San Antonio,Texas,78207,Central,TEC-PH-10003931,Technology,Phones,JBL Micro Wireless Portable Bluetooth Speaker,143.976,3,0.2,8.9985,2014-09-08,2014,9
172,CA-2014-118962,2014-08-09,Standard Class,CS-12130,Chad Sievert,Consumer,United States,Los Angeles,California,90004,West,OFF-PA-10000659,Office Supplies,Paper,"Adams Phone Message Book, Professional, 400 Message Capacity, 5 3/6� x 11�",20.94,3,0.0,9.8418,2014-08-05,2014,8
173,CA-2014-118962,2014-08-09,Standard Class,CS-12130,Chad Sievert,Consumer,United States,Los Angeles,California,90004,West,OFF-PA-10001144,Office Supplies,Paper,Xerox 1913,110.96,2,0.0,53.2608,2014-08-05,2014,8
174,CA-2014-118962,2014-08-09,Standard Class,CS-12130,Chad Sievert,Consumer,United States,Los Angeles,California,90004,West,FUR-CH-10003817,Furniture,Chairs,"Global Value Steno Chair, Gray",340.144,7,0.2,21.259,2014-08-05,2014,8
175,US-2014-100853,2014-09-19,Standard Class,JB-15400,Jennifer Braxton,Corporate,United States,Chicago,Illinois,60623,Central,OFF-AP-10000891,Office Supplies,Appliances,Kensington 7 Outlet MasterPiece HOMEOFFICE Power Control Center,52.448,2,0.8,-131.12,2014-09-14,2014,9
176,US-2014-100853,2014-09-19,Standard Class,JB-15400,Jennifer Braxton,Corporate,United States,Chicago,Illinois,60623,Central,OFF-LA-10003148,Office Supplies,Labels,Avery 51,20.16,4,0.2,6.552,2014-09-14,2014,9
177,US-2017-152366,2017-04-25,Second Class,SJ-20500,Shirley Jackson,Consumer,United States,Houston,Texas,77036,Central,OFF-AP-10002684,Office Supplies,Appliances,"Acco 7-Outlet Masterpiece Power Center, Wihtout Fax/Phone Line Protection",97.264,4,0.8,-243.16,2017-04-21,2017,4
178,US-2015-101511,2015-11-23,Second Class,JE-15745,Joel Eaton,Consumer,United States,Newark,Ohio,43055,East,FUR-CH-10004698,Furniture,Chairs,"Padded Folding Chairs, Black, 4/Carton",396.802,7,0.3,-11.3372,2015-11-21,2015,11
179,US-2015-101511,2015-11-23,Second Class,JE-15745,Joel Eaton,Consumer,United States,Newark,Ohio,43055,East,OFF-SU-10002189,Office Supplies,Supplies,Acme Rosewood Handle Letter Opener,15.88,5,0.2,-3.7715,2015-11-21,2015,11
180,CA-2015-137225,2015-12-19,Standard Class,JK-15640,Jim Kriz,Home Office,United States,New York City,New York,10009,East,OFF-AR-10001940,Office Supplies,Art,"Sanford Colorific Eraseable Coloring Pencils, 12 Count",3.28,1,0.0,1.4104,2015-12-15,2015,12
181,CA-2014-166191,2014-12-09,Second Class,DK-13150,David Kendrick,Corporate,United States,Decatur,Illinois,62521,Central,OFF-ST-10003455,Office Supplies,Storage,"Tenex File Box, Personal Filing Tote with Lid, Black",24.816,2,0.2,1.8612,2014-12-05,2014,12
182,CA-2014-166191,2014-12-09,Second Class,DK-13150,David Kendrick,Corporate,United States,Decatur,Illinois,62521,Central,TEC-AC-10004659,Technology,Accessories,Imation�Secure+ Hardware Encrypted USB 2.0�Flash Drive; 16GB,408.744,7,0.2,76.6395,2014-12-05,2014,12
183,CA-2014-158274,2014-11-24,Second Class,RM-19675,Robert Marley,Home Office,United States,Monroe,Louisiana,71203,South,TEC-PH-10003273,Technology,Phones,AT&T TR1909W,503.96,4,0.0,131.0296,2014-11-19,2014,11
184,CA-2014-158274,2014-11-24,Second Class,RM-19675,Robert Marley,Home Office,United States,Monroe,Louisiana,71203,South,TEC-PH-10004896,Technology,Phones,Nokia Lumia 521 (T-Mobile),149.95,5,0.0,41.986,2014-11-19,2014,11
185,CA-2014-158274,2014-11-24,Second Class,RM-19675,Robert Marley,Home Office,United States,Monroe,Louisiana,71203,South,TEC-AC-10002345,Technology,Accessories,HP Standard 104 key PS/2 Keyboard,29.0,2,0.0,7.25,2014-11-19,2014,11
186,CA-2016-105018,2016-12-02,Standard Class,SK-19990,Sally Knutson,Consumer,United States,Fairfield,Connecticut,6824,East,OFF-BI-10001890,Office Supplies,Binders,Avery Poly Binder Pockets,7.16,2,0.0,3.4368,2016-11-28,2016,11
187,CA-2014-123260,2014-08-30,Standard Class,FM-14290,Frank Merwin,Home Office,United States,Los Angeles,California,90032,West,TEC-AC-10002323,Technology,Accessories,SanDisk Ultra 32 GB MicroSDHC Class 10 Memory Card,176.8,8,0.0,22.984,2014-08-26,2014,8
188,CA-2016-157000,2016-07-22,Standard Class,AM-10360,Alice McCarthy,Corporate,United States,Grand Prairie,Texas,75051,Central,OFF-ST-10001328,Office Supplies,Storage,"Personal Filing Tote with Lid, Black/Gray",37.224,3,0.2,3.7224,2016-07-16,2016,7
189,CA-2016-157000,2016-07-22,Standard Class,AM-10360,Alice McCarthy,Corporate,United States,Grand Prairie,Texas,75051,Central,OFF-PA-10001950,Office Supplies,Paper,Southworth 25% Cotton Antique Laid Paper & Envelopes,20.016,3,0.2,6.255,2016-07-16,2016,7
190,CA-2015-102281,2015-10-14,First Class,MP-17470,Mark Packer,Home Office,United States,New York City,New York,10035,East,FUR-BO-10002613,Furniture,Bookcases,"Atlantic Metals Mobile 4-Shelf Bookcases, Custom Colors",899.136,4,0.2,112.392,2015-10-12,2015,10
191,CA-2015-102281,2015-10-14,First Class,MP-17470,Mark Packer,Home Office,United States,New York City,New York,10035,East,TEC-PH-10001552,Technology,Phones,I Need's 3d Hello Kitty Hybrid Silicone Case Cover for HTC One X 4g with 3d Hello Kitty Stylus Pen Green/pink,71.76,6,0.0,20.0928,2015-10-12,2015,10
192,CA-2015-102281,2015-10-14,First Class,MP-17470,Mark Packer,Home Office,United States,New York City,New York,10035,East,OFF-PA-10000061,Office Supplies,Paper,Xerox 205,51.84,8,0.0,24.8832,2015-10-12,2015,10
193,CA-2015-102281,2015-10-14,First Class,MP-17470,Mark Packer,Home Office,United States,New York City,New York,10035,East,FUR-BO-10002545,Furniture,Bookcases,"Atlantic Metals Mobile 3-Shelf Bookcases, Custom Colors",626.352,3,0.2,46.9764,2015-10-12,2015,10
194,CA-2015-102281,2015-10-14,First Class,MP-17470,Mark Packer,Home Office,United States,New York City,New York,10035,East,OFF-AR-10003514,Office Supplies,Art,4009 Highlighters by Sanford,19.9,5,0.0,6.567,2015-10-12,2015,10
195,CA-2015-131457,2015-11-06,Standard Class,MZ-17515,Mary Zewe,Corporate,United States,Redlands,California,92374,West,OFF-EN-10001509,Office Supplies,Envelopes,Poly String Tie Envelopes,14.28,7,0.0,6.7116,2015-10-31,2015,10
196,CA-2014-140004,2014-03-25,Standard Class,CB-12025,Cassandra Brandow,Consumer,United States,Hamilton,Ohio,45011,East,OFF-AR-10004685,Office Supplies,Art,"Binney & Smith Crayola Metallic Colored Pencils, 8-Color Set",7.408,2,0.2,1.2038,2014-03-21,2014,3
197,CA-2014-140004,2014-03-25,Standard Class,CB-12025,Cassandra Brandow,Consumer,United States,Hamilton,Ohio,45011,East,OFF-AR-10004027,Office Supplies,Art,"Binney & Smith inkTank Erasable Desk Highlighter, Chisel Tip, Yellow, 12/Box",6.048,3,0.2,1.5876,2014-03-21,2014,3
198,CA-2017-107720,2017-11-13,Standard Class,VM-21685,Valerie Mitchum,Home Office,United States,Westfield,New Jersey,7090,East,OFF-ST-10001414,Office Supplies,Storage,Decoflex Hanging Personal Folder File,46.26,3,0.0,12.0276,2017-11-06,2017,11
199,US-2017-124303,2017-07-13,Standard Class,FH-14365,Fred Hopkins,Corporate,United States,Philadelphia,Pennsylvania,19120,East,OFF-BI-10000343,Office Supplies,Binders,"Pressboard Covers with Storage Hooks, 9 1/2"" x 11"", Light Blue",2.946,2,0.7,-2.2586,2017-07-06,2017,7
200,US-2017-124303,2017-07-13,Standard Class,FH-14365,Fred Hopkins,Corporate,United States,Philadelphia,Pennsylvania,19120,East,OFF-PA-10002749,Office Supplies,Paper,"Wirebound Message Books, 5-1/2 x 4 Forms, 2 or 4 Forms per Page",16.056,3,0.2,5.8203,2017-07-06,2017,7
